<?xml version="1.0" encoding="UTF-8"?>
<?xml-stylesheet type="text/xsl" href="resume.xsl"?>
<resume>
    <name>
        <firstname>Mohammed</firstname>
        <surname>Suhaib</surname>
    </name>
    <address>
        <line1>342/5a opp greenpark,</line1>
        <line2>t.p.pattinam,</line2>
        <city>Cudddalore</city>
        <state>tamilnadu,</state>
        <zip>636402,</zip>
        <country>india.</country>
    </address>
    <contact>
        <mobile>6379917589,</mobile>
        <landline>044-636402,</landline>
        <office>044-600044</office>
    </contact>
    <goal>Self-motivated college student interested in learning and developing new technologies, willing to acquire an internship in an esteemed organization where I could gain knowledge in upcoming projects.</goal>
    <summary>Self-motivated college student interested in learning and developing new technologies, willing to acquire an internship in an esteemed organization where I could gain knowledge in upcoming projects.</summary>
    <emp>
        <job>
            <date>ohoih</date>
            <company>oii</company>
            <job_title>hsdius</job_title>
            <org>ioadio</org>
            <location>ladv</location>
        </job>
        <job>
            <date>kdsjvi</date>
            <company>jshvio</company>
            <job_title>sdjvo</job_title>
            <org>jsif</org>
            <location>nsfv</location>
        </job>
    </emp>
    <patent>
        <paper>
            <name>jfhv</name>
            <status>jhdsuhd</status>
            <url>jdu</url>
            <year>jdsihud</year>
        </paper>
        <paper>
            <name>hsduhds</name>
            <status>jdsd</status>
            <url>iwuwei</url>
            <year>dwjwe</year>
        </paper>
    </patent>
    <publish>
        <con>
            <author>hdhdui</author>
            <title>bdsk</title>
            <name>uewi</name>
            <pgno>HASFUIHI</pgno>
            <url>iwuuw</url>
            <year>whiuwe</year>
        </con>
        <con>
            <author>hfyh</author>
            <title>lkkg</title>
            <name>ruyr</name>
            <pgno>rew</pgno>
            <url>hfuf</url>
            <year>jyut</year>
        </con>
    </publish>
    <present>
        <temp>
            <name>khyasdfuiohvc</name>
            <title>lksdfj</title>
            <event>asdfhn</event>
            <loc>sagg</loc>
        </temp>
        <temp>
            <name>ksyduau8g</name>
            <title>xsdgeh</title>
            <event>etgvb</event>
            <loc>dfzsyhtr</loc>
        </temp>
    </present>
    <edu>
        <list>
            <year>6587</year>
            <ins>ghy</ins>
            <course>fzgs</course>
            <percentage>etty</percentage>
        </list>
        <list>
            <year>648728</year>
            <ins>jwgc</ins>
            <course>nxbak</course>
            <percentage>hrjgd</percentage>
        </list>
    </edu>
    <award>
        <list>
            <name>jewgfj</name>
            <url>nsvjdhc</url>
            <date>ewtuyt</date>
        </list>
        <list>
            <name>nvhsz</name>
            <url>uiwfg</url>
            <date>qwgdhjd</date>
        </list>
    </award>
    <intrest>editing,graphics,sketching.</intrest>
    <skills>c,c++,dbms,web.</skills>
</resume>
